1,ligula.eu.enim@lacus.net,firstname1,lastname1,password1
2,eu@quisarcu.edu,firstname2,lastname2,password2
3,molestie.in@Donectempuslorem.com,firstname3,lastname3,password3
4,consectetuer@feugiatLorem.org,firstname4,lastname4,password4
5,magna.nec@lobortis.edu,firstname5,lastname5,password5
6,ac@Nunc.edu,firstname6,lastname6,password6
7,eu@aliquetmetusurna.com,firstname7,lastname7,password7
8,purus@loremsemperauctor.co.uk,firstname8,lastname8,password8
9,rutrum.eu@enimdiamvel.ca,firstname9,lastname9,password9
10,ipsum.nunc.id@In.com,firstname10,lastname10,password10
11,ligula@eu.co.uk,firstname11,lastname11,password11
12,vulputate.lacus.Cras@fringilla.com,firstname12,lastname12,password12
13,massa@tristique.com,firstname13,lastname13,password13
14,lectus@et.ca,firstname14,lastname14,password14
15,eu.euismod.ac@loremsemper.net,firstname15,lastname15,password15
16,sociis.natoque.penatibus@sedpedenec.org,firstname16,lastname16,password16
17,mauris.id@ultricesVivamus.com,firstname17,lastname17,password17
18,fames.ac@anequeNullam.ca,firstname18,lastname18,password18
19,Cum.sociis.natoque@Phasellusornare.edu,firstname19,lastname19,password19
20,et@arcuet.ca,firstname20,lastname20,password20
21,In.mi.pede@nonegestasa.ca,firstname21,lastname21,password21
22,mattis.Integer@enimsit.net,firstname22,lastname22,password22
23,ultricies.ligula.Nullam@loremacrisus.org,firstname23,lastname23,password23
24,lectus.pede.et@quisdiam.org,firstname24,lastname24,password24
25,Vestibulum@consequat.ca,firstname25,lastname25,password25
26,aliquet.molestie.tellus@leoelementum.com,firstname26,lastname26,password26
27,consectetuer@elitpharetraut.net,firstname27,lastname27,password27
28,Suspendisse@Sedcongueelit.ca,firstname28,lastname28,password28
29,dictum.magna@dictumProin.org,firstname29,lastname29,password29
30,lectus@sitamet.org,firstname30,lastname30,password30
31,ullamcorper@at.edu,firstname31,lastname31,password31
32,dictum@nonlacinia.com,firstname32,lastname32,password32
33,dapibus.rutrum@idenim.net,firstname33,lastname33,password33
34,sit.amet.ultricies@vehiculaaliquetlibero.edu,firstname34,lastname34,password34
35,enim@tellusid.com,firstname35,lastname35,password35
36,interdum@nullaCraseu.com,firstname36,lastname36,password36
37,fermentum.fermentum.arcu@orci.edu,firstname37,lastname37,password37
38,diam@sitamet.edu,firstname38,lastname38,password38
39,vitae.orci.Phasellus@ac.org,firstname39,lastname39,password39
40,faucibus.lectus@dolorFuscemi.edu,firstname40,lastname40,password40
41,Morbi.metus.Vivamus@antedictum.edu,firstname41,lastname41,password41
42,vel@sapienimperdiet.edu,firstname42,lastname42,password42
43,Cras@vitae.edu,firstname43,lastname43,password43
44,Vivamus.non.lorem@sitamet.ca,firstname44,lastname44,password44
45,tristique.senectus.et@aliquetmagnaa.edu,firstname45,lastname45,password45
46,egestas.blandit@eteuismod.co.uk,firstname46,lastname46,password46
47,sociis.natoque@Proineget.co.uk,firstname47,lastname47,password47
48,ultrices.Duis@urnasuscipit.co.uk,firstname48,lastname48,password48
49,purus@montes.org,firstname49,lastname49,password49
50,tortor.nibh@utquam.org,firstname50,lastname50,password50
51,Phasellus@varius.edu,firstname51,lastname51,password51
52,velit@Nuncmauriselit.ca,firstname52,lastname52,password52
53,Duis.at.lacus@mifringilla.net,firstname53,lastname53,password53
54,ac@sem.edu,firstname54,lastname54,password54
55,egestas.Aliquam@sapienmolestieorci.co.uk,firstname55,lastname55,password55
56,nunc@apurus.com,firstname56,lastname56,password56
57,dolor.nonummy.ac@sollicitudinorci.org,firstname57,lastname57,password57
58,eu.erat.semper@atortor.net,firstname58,lastname58,password58
59,mollis@fringillami.org,firstname59,lastname59,password59
60,convallis.erat@ipsumcursus.com,firstname60,lastname60,password60
61,accumsan.convallis.ante@arcuMorbisit.edu,firstname61,lastname61,password61
62,Ut.sagittis@commodo.net,firstname62,lastname62,password62
63,molestie@Inornaresagittis.org,firstname63,lastname63,password63
64,ante.Nunc@turpisnon.ca,firstname64,lastname64,password64
65,sodales.Mauris.blandit@tristiqueaceleifend.com,firstname65,lastname65,password65
66,vitae.sodales@accumsan.co.uk,firstname66,lastname66,password66
67,commodo.at.libero@sitamet.net,firstname67,lastname67,password67
68,amet.metus@eratvitaerisus.org,firstname68,lastname68,password68
69,Duis.elementum.dui@ut.com,firstname69,lastname69,password69
70,id.mollis@lobortisquis.ca,firstname70,lastname70,password70
71,consequat.enim@ac.net,firstname71,lastname71,password71
72,ridiculus@augueid.edu,firstname72,lastname72,password72
73,sapien.Nunc.pulvinar@eratsemper.net,firstname73,lastname73,password73
74,magna.Nam@inmolestie.edu,firstname74,lastname74,password74
75,Phasellus@lectusasollicitudin.net,firstname75,lastname75,password75
76,pulvinar.arcu.et@ullamcorper.net,firstname76,lastname76,password76
77,mi.Duis.risus@duiFusce.co.uk,firstname77,lastname77,password77
78,ipsum@ac.net,firstname78,lastname78,password78
79,et.magnis.dis@ultriciesadipiscingenim.ca,firstname79,lastname79,password79
80,enim.consequat.purus@luctus.net,firstname80,lastname80,password80
81,enim@inceptoshymenaeos.co.uk,firstname81,lastname81,password81
82,semper.erat.in@mauris.ca,firstname82,lastname82,password82
83,nec@utaliquam.net,firstname83,lastname83,password83
84,non@necenimNunc.ca,firstname84,lastname84,password84
85,lacus@eget.net,firstname85,lastname85,password85
86,ligula.Nullam@inaliquetlobortis.co.uk,firstname86,lastname86,password86
87,elit.dictum.eu@sit.net,firstname87,lastname87,password87
88,a.malesuada.id@Duis.co.uk,firstname88,lastname88,password88
89,arcu@felisullamcorperviverra.edu,firstname89,lastname89,password89
90,nec.imperdiet@nislarcu.co.uk,firstname90,lastname90,password90
91,nonummy@Fuscediam.com,firstname91,lastname91,password91
92,et.risus.Quisque@necmalesuada.edu,firstname92,lastname92,password92
93,Cras.vulputate.velit@loremipsum.ca,firstname93,lastname93,password93
94,mattis.Integer@Quisquepurussapien.org,firstname94,lastname94,password94
95,Praesent@faucibusutnulla.edu,firstname95,lastname95,password95
96,iaculis@augueacipsum.co.uk,firstname96,lastname96,password96
97,quam.vel@MaurisnullaInteger.ca,firstname97,lastname97,password97
98,non@sodalesatvelit.ca,firstname98,lastname98,password98
99,consectetuer@nonummyipsum.org,firstname99,lastname99,password99
100,pretium.neque@vitaesemperegestas.com,firstname100,lastname100,password100
